0,6899946502063456386175570012634349225458936209036672946408017800494651410021534965156539658286303542361683708303195193808184052350138575585480620316283042786323270285657493250132071326442761984664455606600532371680096897405218728168539720118460366943571246757311999952579846900685750737857499925825652
1,177005470638772748208701250431445331015543109008595486724686158991802945071220041258292914657249135318750269734595403847741944497040795356951443707955220924753764842621357202996195165451509362173349284792650689938277483782257746789774589999145331337396918231389508330714551340695141458140921226174687958
2,2250159497520374731589133232620280091553990019786575518866613906502746086701998343664795602539792869495625974395315022842006582688349030155255246539049012425744385593369234468095881988896468115191930286642553198392422536861065856510619015459184328872241971844109410921762509144146917341256198688662983620
3,18899329148534016397015702202830913956981642529476708962229794273921209417443430583427810270899710811354761036298060466516644868073795394125072907785757887366275792611269341392366189568507543576810520568752312364557858083341028328898231691310111027127244969369263758033192869099278973216416392045416263040
4,117983259253371830861784474679074512506810414576695134831173606879094319855019294305508435197179143950454787347837311883695105632856206597134272354724322787429366361622581022427997656031919280235321845315773805530083595144886552495945027820748114232186870352940928917381383069753124513286461353938313130320
5,583909823978972307356603067500737536556395970191645847887145290871717466832107671930273099129986776769928462333962937606185593403885979020573414119402600208349653696824277814754303451127923662224422755439234112247720658742178581705535712778302888363930936878131182091476413734987963285100281835526999729662
6,2386343281208710805682173205984716895572863592189606842932629405240328775690958957781626212232470193038788958237100440468649906948462413113307186763606093500627530831468696461314235915831516504929064357270730343718306382922501047213731141634748302446059899609975732825227648175972959347098684977821794970968
7,8283190810259467053788763453077054161600883194856666517279196152204026611764996066986567010022735424561359405020407039162014789136501822029151552356824530397270663316117892071325024634565548470833964896523439229665803942700698284054367174229442419482715088779004645972187976859561581751889741401816316781840
8,24927349654439395839303034282571167537287241155901871020276518550503197361198958071508010561105284807280680536405983260630070510841772114540248637372308501897297588204313220737669322616883401409180855801145858016698827891559983110546739062864189180766655682470299911850720351514360301230461994603661017277180
9,66067629258736165663889664662451892382589041560920303521130457800555122405225325216171395405013989595348341638791564601298517824375794756141709159367579083136880026216040555973253696177256851283091259897049393782168667607487653172362526722090520545647188595228743892676156078304171910947477328124358153969990
10,156139013956367010696891248141453966839073186198316508582211502636753643847414273141892881850553171887981395652929195401028949804639736721715555131723508212079470909023030578802961594376402229644566650040338891699017082079410176001936927612600792474195709650141125566870834296886718914841674410684377174414012
11,332345451764751534814805171859594191125443406790249380716456879565774995711285782042452677865395170552722828622616994609124226492387079054486913766326607847327428127285790556708793204116642978747161866217780176477695574562755632499233452329673235807534933308768918421427125036394892300310872193844275389331888
12,642404073441727447630665384405197598657493800473967128797754675154074768836680759158467145749264165671844178026572869938531010614252741386055407832412496253345684344430221291142838663428029494651352473173178855442309671537702314855231288134898763895049484141156899292590290053482039478418076773358876607583960
13,1135465273646783019048402012391004746993496872236863152132880239972141389901670529205209891835972909248071301001159454376725491412754643319898200588548359270520905039377243516609944679484980641127576231723528334775954254159942180439023929042183695176444180572927089210601422318279940067102843923244298542829470
14,1846052361787465346298455770971398776358474112265303147572919878902557661215507342006803890929692755653840466305126582765016899973295635395919843886234635493591053469650773603158532210496640065218817137089217725290940080324074986674247845293228642850328962974752490161869125107964133308826386241208739373990160
15,2774726435528772960585686966503518294484433080733290381360279621822075964423916455413643037765468409496484692821712618587774862528947489191669281596665637394798317524356459255739867306020266834808769883438434616122260973437589804472433040385790197439428324781208494994933291261605046967023724034140059792242592
16,3872724305247999975629778005395100124770993622605816373029260411385949034218889832028983850686150445097538982586373860026224921288395503066978699534677182277928089039784994081566776046173443561232997305883762153282606050266850561452197673223679833471554828329153950281007834387925589881651890883536691268750428
17,5038631370172526283624653941847014152880691749720011356933886928186530541456195606342703343607705279715280151454026471174295284310150423284891953263424223705501353197408961757006932293101607997882503183340160618691935844120762907351761045871189506371355537153853825670175579731736987209414888140129289745257530
18,6131869451356881178559976080653036289365522525210943235842245121434070522170969253870614874294811382475872028730183033894784728426114517930141062924710528300932071529490435822180072578423672490104627390047362285339295816252071623054334845477165965721769149869199046818581175169182340785560192565975846171398060
19,7001307715459232172934690519814652331730412804590514639336365046314826904291203709917508980176322881288671745175013647310415052937090669645558375589537227362600174319783260666575385239848891176067641963825531919818306422363056091840288660651502137494157385568619978367300952314417148411905735248289385261613280
20,7520644048925603900561636122214674872759511294170306878344743178405749784449158150765511926783465333976871315531205027118118372808152667388746182350545216133683900043690782371753350132484115288242758947284285239394858448559627011095082191142318738754177948271266416307357210236068529807637660987204974864808672
21,7618795931764486975257020497672880784025585413283160111133457366805494984982035943500257410896445147252362381124927199828658951395902924894169662378702334610515788557425174720817545473167510765145373209951882095591660518618144329850227982339544095160511236300519148393814744566067381747914570785741477233093618
22,7295205484716662434347564412607190978363197833827913531020967748387575758171475841281235094614427770282481224026232345560934593295200960718410165057388369538628844288261397000253571609048305411618621774183480928608282294897955961267796974972858603018901187685766217596358317020349247257875686650228726707766200
23,6615842276996771809393967685666573817646894746121255937581814137517649140565919774277684115597476038509594489434654214182083939665430741649859546793577074408278872232978960314492270392062341347585202809094958490021586523927197699180748404218862836630160516934211294480238267273758111253459723121400688436285200
24,5692840657355087018569146706892967882693394520659001680291138597446520283288631057577456833147841291269956060863423159715300497874933182415692750263669884410700134418530973246225448078969907907473108339626831880903119003430893268020021880709904373967152360444562931643169862294649444333062953048780103686402100
25,4655879137247790791975812118419211534052788133579053093631256006303851294902296258317163529539934901620615316611008315129211689283105352816783590168392036197916828622463510063112526384844266653657734914029493163816421194429309733486961606408562692307702063889084988118738253771952872872073063106552272704703002
26,3624734739443343103134196825101373315402629235154641681639117405264691712481061220899934336393246130002392025645800891671239484145086191581407318306171967820912658146665270517515678464274847960476905373016348950507360613120291243359275952817308548504771336467915998432182433948273446996985743164015975541794708
27,2690128155925275305526223714638118287253964745701684113180268937069973101378145221555334619060202855460882121926647864999861574489821961350275758939605664345172805791277869490858543719291992240901274529039945838322531427367020633145780436454887284275494259226646523503577140490433894945393866763699392075004720
28,1905747054524341868577848452944975500307829545911786313937209859550381720223271699047999341451232227942877205415947207420471570342025536321433389420287762096858440844296004771914311536344969244131531685201127325769851742084037528797701853186798257687416486834848307950559777168045865064115471000816350914996440
29,1290281136495964322308251063885853839082420078673015855734624262273572073498670505339058277503578637694481082025451067769211690954929025424763851341273887530421601726162667883140199007040805978136178690570224984768188528540993789766587963929997603985313375890249022352438520536827318616623402855800462897700770
30,835840998031570583073804499221031664298486960011242325981090960571479086539969013714504479296606797422697772472103495765280991323404690255847610121348691349194741473640822459240008695460949106430857192102342353870457943572417475805367547982148111750491985166275002453831445882979933368376135394629703593271872
31,518611943362831956401446277060390416887757882051668590579507494621988266991890294539008059771937774093559548910588062049440926454781198613099084306462342167830985543816349008650829112848922754450153706181636187009435573752373223284169972941730431314601922397791093348200376735267681407357911683208874496539008
32,308510014093172068052965918813424309737263015814413812705875648582762045454755541595119534478256652232726372696434344952012131523628041369923529914661203783626659475234950028997903045589579853785798102657759755053248149285235669550781515363733879107152992257955526182592680831852144714279981717825748609557640
33,176118195094472161403777253584670575314737043469712111708854954367276384142951640623162326594268876522457605259140327805792691314948697318582791594978611805052923673309460600336476363012813780418971023594529454277981582030087126741485967955797695204728273820542301342121572751971204264479420398343059593302780
34,96565524867536982001509289339477874923761054900499105034974632095078754768772109337497484828263970003516447689919601327636359823997705462208401508402786119859712088658961824730234589317591214905747167339487525497320934924535585033817901146150297756492377520083804666163358850855095355271185318215183334976040
35,50894894830775433676663345752535548232281875663650434617347264496051242698645035769598224549435297546342521882725997693036681190324998560230015741054755640876753545097902199694904939198527033464648630861728297030305046021810700106456686620034122723807721966654612623207400937937208085983372705892679539212672
36,25804203052262806329174430090145575146904892192984987442150010207909463865391753602276169542440060957751906359488255825718798804838315484158311146045737288211129600142943985621927341906592086843366020067907255505039523408531845039219724481938319081682074559913036529850353041204747499831145138555131567967328
37,12594501046547615941923770647131704266997213055249955299949281579082787659805546554704947109063409753114269073231303454324049526543825806426169376271224471334637430658702191289660957030318054418591570351674400018925476806362461415338567695653819637293062159859964387877584003525898386305498632684660686622860
38,5921582583179235251499712796158571831640181063376443333348035876503102000001102239089095209767201483260023725898341392651046259987776792529089918036856976935579279482416694621108764751278508491645761886702860708836588832891309329046576129254454186432095678545262379190444079711453633998455172789739232422320
39,2683713673121543625618718439507399821794163667039212395939994684038988884610155624854888067111570500499408006078374420059487290409475254975700393651764831946841147089352949126083443243996590665552604421690634626076051154826250284616664356505865479544115005623938274033236309624808139324477064408492304220960
40,1173102268719964409756204869783118011407849647938755298839073094574989188978559752798450786517104936153172042366169323474760107714047220456889572684963462379803957295132302132686866539885217367735858365898993627229909917255008562243579926757001065058879748734206932013320681795920236730874306449826318729432
41,494859861927123290232416617935362269441951277000811586943838328917334501153195864381997260655936469357919060479710224706296405171736278564811399493971943838546847738572462139955746945184857454258602962956428651598411564056695576152166110247879335771565274824527755953869546675683455937835169431891827298588
42,201561332122495703028855077457051078181652492162272205907551989944832106269008136196677405248780208939341213766540334898581067016281282390218022376357448965919403370270131836845941519154811799386273256521092570375034779137768825332002329365101770783144944101947377674983835299717847888621417345144287723480
43,79310441195723010512670910190683150916792796205722291638024402633803888522754050936897590486655318253698578178487674760645366000305274348306594601716106042371841969862610060632718606157943665914879388939745877092077331875569435467491428136000929230999485507911569938371395924086041199336531499227923364960
44,30161960392519960201642869174175046228202871675671701943966200276534736427849919327548521431357148897174327287765696061751474678072221837637189505496987931088333343177082248809957662664189602768457194574072070104256323029969947220423508665736129453535486469908128118523815195949185888006040158148188498480
45,11091540084674688952745742879190373490027924434335319393229522351879175811194304652675199608291494214644867926293657201670750088847473066172387528246554948783453444440673519514200666666231431173722762268375300471720881852677647885679237776252442992442251741838866746389147192578370500094988170198492065612
46,3945609418708531736433311477868378270529512161174147173802620962734835323215153743944808465011570312307006382936474652318802595923423131987111890886141965150289140372092180531364881952417915345981056252486792716621632156603354764564217439997826835735985194723973768042240674035367635100055820234467647328
47,1358324714573363244044179301482685242500604866512082880753389034241994986860724667188056390617538348838339512044647833874956418689131818235119192789969275936232677239676406508287826405465394327584085989632941773555360299664793520750764143206638616255843373875820142721359379494828879286873641803453700800
48,452719024112654545468051740644990557274905226442144894324703892787480864777881372104430629424572683672322073220655685390168320550340921809217104141735497118238157904257193029390158064136191997358921778523196092823055748518762762686383314619491685594952563521217862843441915212470654930307279323263696600
49,146133384355039263390801194074578034338989094817533379232266753214226069750995086933300184972317101553051632724629059286281433758968445485104730556940989152036004508913978717153300218686600489042918460782106610330123184942679427807086966923053826259120406195052327588723834795668290117751154746817079300
50,45700154924141856159795408888222666900074935293453253896776062803082157764304868410625750463156252302350101562630092202194773144901011763463817419194226447271803336406962541097947745728619677729276771033885997400370938678547742469065955060068046227280239171463837485924407168218882987745436038782988408
51,13850897341170697125934713866938471270513928151984126518795564741893284199214851597933931515897296437094089330162427575423854443705089498002798291159549119332806833609774680245603511970074030068523581197234744601645743439762397881629512025304329252396608837462599164581954227032937539794455317036128832
52,4069748232005419364848940489705208169811855565298971848511083499639310863259648989350158111444574015750331512798431531319269602746049614150948544534334517862685602580235284180876941044810386584862407530292821698940609355019203536234683228730990516193641993464607359980792938342895596236433876025713280
53,1159624140086378582506393609074713129114757876341841127709159137814680307354238255051569750423624675165308297503452470858655145249516401173721551349081836002543336462024496064965554534834412360922193855140366809512230808681634280388777632027105370399852720696022053936744315772947190983768756806782260
54,320517201115988757872865427418518967490649964772454800297909497769717207768458679685316696814018516803040709756705515370799810328436429417784214251288814626437189114295315072391061312319767849037663410396146615616531759710363549317828541890192818913358437600803788695388773216848079760450079203348080
55,85958357635516997697276043379390695460390194901995969313834220043781937882882080551687803272310252401456233452072277571585364957600693258849235853390594013939888818805484725708397978686426039418936087872083835205175496219816463094000190521249820842160152300274477983421045426236597743906958842434848
56,22373817908296900305829407608419977038210639987256531393754273465363422644824297790126963138327182404772539257030157297880121937564312499248774786544309289788744567651718280504785210780511533882480399501106431886403236482921507649060079490564607702385247777995953894672820926836752863117155645670472
57,5653461070891847252489268904082240388484916529767407604566745236683454928685095849322247243439488325626339273109807297784211110143837927114536331074370503250156647390444385350949248097932181318049792078819921074721032047955143735994439606827940853939078795839378810593290203786923101806598813438660
58,1387116463192249205262091025731258698944130915930801330457216253110580331700204236857841232718051598923503225075193754468587153622888026063317024474956004177669713069075352099225537305869071969024281190137404616994149274836743195698317872094532336327227772605185239089981935510623265919647208797320
59,330546528051323019072937901036855301679647675417528999715247641316594804802929789210994344551224795136398220191671386774294395799422975438694589991455615042876381101929173582684067266501401000063172280998267808289569554231774605148090180882769777203393113232795710642723904607992639813831934481760
60,76518356465642772119646690889041869428375157104728592890719814923513576384257417231757060289076837538355518047852811598825547655204559240742013765439826125914943206298870059423384732998496320766424691265584841600294260268643602853612325212222086300296193439945166484219128154646150509221145990448
61,17210746489183277346957416477315871677213718182987753418147624447279485910711553772291538129340337991260375810538200637906854682840834536988691449025517235683489119399290096622442123139305844748794623438958253923354951495612579730288124602077446036721794707812115319732564886684484140625721482452
62,3761994638329967640351133565180969975240617987225962864764103353264231652887182491987555477859285995910120774029621716741868025384270022973353210607653185386880720565297494585861473083760340711045745358950114597350172852196173537703658001422405416336958991616165563825930667210640188231914792640
63,799282355633157710080274062798017305776397620851740893518706236767097833360631299314045772042607413436283016753326223790310357113377570813180593105061884491467362212980058323160872713926573072872705940174472412268061796156767451750990963142183052547274535897151853877930974974510153066664612480
64,165090120711922176548110678011332633913971603396222212311693002788259282584221530265583076666321262367311653453041001375441395162232886122093229969402955065407629054503647522601600020398425664963239991609833144989860862839309181715417628482238713246995182296803714425103359165549521481423814940
65,33155237384795418261583756895652019861594229345006017448460118702584448596949587299704870316151604942955680099997784972470156368634333448317434350570224105515542201219802101265664063132608290754278483678793573431110805870835960206031894622385639796828655066507286980310745044411572689911606018
66,6475318136987760541431340612421597832417636852241332669559193059778081111462469398499356507784940947887361043891610257702910457004175306308122632299969720077588482824611395750635907912997292950454538378333878095160011067025697000767578132653731657797700872085905532027847504039971945652489612
67,1230019980994462537292613549427301244100346744627717168740873116739400895182821302482760964282912860414386871683411155541619221054375790222639155915079638525725794520558219012015889704381166368772738829448930680462830978964446960911884179842735760614159138375279531730821660837997337280657920
68,227282539692277280027181104571883849033432115545256412383268581029927567746863214885777739768657838010008048528350670703090956722795796647788601504085898015569872375193503390418505663924409419581288108022866169614069873313445912350050844084245145661674011714418594380457707675041962195921840
69,40858301250484215416871114903475521210894431864216729558028045219093023959968747412891010252153423942875639050508298801488619739812499674321102247641775387570426431688398907293563618062697702186525051853020906619817194223984759173881523755867833834033437151029552173101120024348903157138170
70,7146759384897915614572791201043678715383718467083909732213077803347694926100316811509436184764104931830299216842110108411293080416544412902782883084735612322230052734493152058083435014855142494494092674608949174927285349944521215826163341914460648395417433112934692519269552999211021346888
71,1216476887466941631180837319191268816009344451673093670969448741951825300870214803521679401248143619329892396024390095084621269932850505236388579416681438135121317542187050898536997722177236483422860658083298665708689831948796155950650174643956127393205289653996017817175905043904882801072
72,201517451590909703252831214085134276719636763061115568589205466484165903468159767842076800282919243605443612222974089581610077699679585669191411047303058621641784167869842829930060323285635178347940427815880088498883077229299791291291563306728111534614310160609595754400299190052250626100
73,32492335920063289092868474495394700003428206451745345431614787579831131246122930805415887332564469584171892981630594916502583554622765502290572804948071905593430399311133596839606991875531520793877141417265892993242709392472005140837556570225747489656439616381894475096593309631016517650
74,5099777845126885142715893571115440091741228795375042759596056945582450893854733858635161996011312170768897463448190312211773661418183023720965105223733989328744539462872610330517036077096753204254839460503758392543639724109506488654332211679387856356983349246250169577135954230760499700
75,779226118107337404607522577389523902760177004730694461910516280044812386251585110397838485746473814609783848856246436091664583752050900077124365898918242864018849387265892879442883252204654883859789477502522709361831781200548258529020079683682520910091653387795592976267035453455686288
76,115919072152337502760394131919844853208548653149716035636539432219870060355480060410085943757674572290675109761219685624531378901673017827950404301824188448101604380797229492823055799158578667238482669194367171806077053549653602760509362474894185597179637776406515338109020076527335752
77,16790364093566792976767390347840616347892741297845428395045851003247521464196320659603308573149429607913963944586819432488774616405157552836532784773210945085565379744039431419875422354925224223809026445011934487660631606231918480706577563287591268487483449598068734520382694870544730
78,2368161552948515771417772092647322343562314157483159801884895272761400866977403412982590128701174907512394387709911678329737545186705693077143483091400790688394541229727475035355376870900749957653078068365214078079078288330443251508771479702480296812768791565790603260912718810862960
79,325265702596049035071341732861829398263926753026439607331809999316036959644998945251649809209159688568286783377113980964196727995311798884809481482608212266127056380809473773486310155534557502489299774641975255474523923252092424008566489748071728390891440828664097637738888829251680
80,43507919287780620476579881462422677835499711277810080224988637142624469494289083287114882970865741470820290538916248963367826889397473017763786712827111019937081505167282189626783285017511143894612554666768788849882755181893414470548279219326506680109341540117808618123572390112468
81,5667956330790844528817075873849365909093156837286492640497267214600545784304374383213760417238070218695438704341789452408944119225777782160910942172260677833939725455402108101091594705638641669140488908114167796983332547707152618868547888276758241933577586182479997079361113288302
82,719176666764233293678119555745742220682189848850899361598947610632541928143895902567735620826155393562091528130594446365363379872881418817263012356779529545608810610136284484553982792219349670371088756376965869126189007551789900114667620074381623133353100508010993051768251387460
83,88882475929992726916675062410333349054942688624891969548099025867440263855459886169335868118334815556308219063375193209372567084784560665298879173868837560651874307030758087649569242254565504252433636573538880857528950163986254385354108267735788578630120173374791432997147205920
84,10700067926125769388653889001955039001305604053976812437259859923610563746566300835810452160029291533863298586436943705700405597324513012953126076914208653010701064337694706733166815530466856228408766337634349897564767772069291008539870480916277490674535422722651062261463822560
85,1254766737704529010092231579507272570199904111325358317493224990764308438904958689634665378163290744911045796156604379675766681618171812588252723025937936506369267673867191316417574607079002734532083526632336969625440818893699411902752555093631442267825693141106617636898100118
86,143337449085229960035448904145023091077662685697986187139944035217860912602817925254150748832264943495341932016076001379303299505221864615452365827002775289827628436577633759605529513490029535990516392772477331735616853243513395001288847182480465606206816774758999314013267432
87,15951026325509195034753974600087585733600041842230119075449117085927529514914695536103322876157131851903710514420004840039817504959935946054774725878547749584048697107074893490864024845001794558321214207871405361083959951628457067011663591869227847817054614250943025077246640
88,1729258525408713994316853147653420540761454037463762598930149210842254155977296595609763669419726982855014520989028303505912798082462686661872418639321481893989347837969173831324263968340363370208104417059273769002091905171420377099998493317543007192171334529294722947641180
89,182633986490782693903055062512112396909323642098583064430321448907109282101599605489408453759394884614492886676718440125994583512736138795403536613738926684725371592838886521276164215481630776507859207249729673329728627014654926137518417339023890103463652869761228308363790
90,18791425507072517502339073506691564084719811749255360549514560904322129486397842262871168601391660972608083202304236596890200005657760945586579716738147785893453785359138862787765497317266519642344390296342521202916050662843300836713057895447276540216578576797198201709308
91,1883642309268071003699199279918388816507010849352815539830642494947921161534902795473861029461621433455698840055475214330178839827620368779718827944136616318606803164332637690939745995123521320457650461562086877624240884133633109707984436244107723957990311871358051833872
92,183950059735228155237574987223436938799722566166218589823275368025568903810464052746022497307019105016481236962787973190170809251908580168437855086421346681018027136676518915756756039293666205881844023691758462402252742837095281626176621520332916797149032218087467070920
93,17501066583881607644201345094249738022486892961905118234362511197470059035173845088028524288228254796655573279120231953858209746245713227562882859645821170980801341327528982317922919268425821527521298188214511093032549373737631632103794027778261955671608184360700191590
94,1622148484140622388694539157398145294607784649370374531763929848846843866618714529399150274159533586398901636789390506066205592776128716676849875176550950102035116567642336339052745420820528572026478800892956983401912184073004183295219898086807882829315085318604321920
95,146478790597084472720051822725124818305355121007054910144531299269558248794709981539429066898964078126931260264433373172048965298371148915297726949547121546463220735760981430005577566129666725909706369527973889905424922160287248203914856907779058142332729256779510528
96,12885807332949833324737869396707451309849086774937968539797109663896452083435256460920530490456715249805539938698912776499983349873446349182823450259811962853388418455395186440714580427702641587169678640193841041801815208599390310079455609673184982131938578339059632
97,1104317927960889961015858874221255409411899441404512687897573204984188784247103470198899596931875354220574294284351992382489700295571619558204728117812259588438414674971116027007550854841112123177317583614841083782440149132308397954566365476559652717007363200393000
98,92196245614499379857791554314154682967080916304000990085346594159755706753052487843481307073962037602689186163558159737810345665070898166561635806838827905738637296659388046122090198305125194058836271195917899404408330235903935322176204443995505313857197279558000
99,7498219936591305835103038543522125022230396340664948156427431751339247094313792507689971493761153845170622084432364436690962645382072076256895078488729165424248019770088678036181636834141674236495008676030790018914910304317125818832060724933473418065418757984000
100,594040868703419307223352703460416622614534283066173665091859098780987770638061959385002101141308697926065152939225154667489973626043448594709930749331912578921794396173504145053715675383200820080569644169330984500215951009292599595538274431135951930667603187520
101,45843024248951408075707572316578423989821937856723871080115295031660449959067652550899519983767542196028054688763424567502981242742584891907042578520757258072395806600840657133752287343759751082270015908953542905710874320350438595861178248687391566779950835080
102,3445979978023317240289873477048752983810501475483573665343384306916474678727084738803689124635563378873168097023307503021167486745792804621170818819612597833325307603920562192774891278179476384631465746861726266676541968970733227364868627724606590588464775200
103,252299712240253488965450451096334295190590285953082884916816486956440668755638492777659991534263818150528504239432467724820061935714652743807106049415103013682449887965581017222654085521116958541183241578381823100120952832769747565904982319344746870163102400
104,17991419578576235784878063836278526561479098690706631973848518286801007375412821067284331332617516526847729572731048555104865896199083372755771790787348468998916161940150720773910231434502802909862229724440684566724943222675766858111905587492788337641709200
105,1249502492097259483765256802331648554519197969628490350814995473369703450227639736587670170834988859259640056890124933425966190979508046675057258456005676156770605637049222868124847044450485090838864774679278152030100422547349340964978445042061341720281320
106,84510052943745343289153906306344932022359376185877780004107486127364232656996456739968538741721101285086864394375373400214652673822941222491654803021160448241325149916546686890238001791579652318488897264630509953519776500279217965756670988143549471054480
107,5566136972163069497682104163083624175398080105429209687540191094033656179045735716780732219433418290181895409466274455439522144565367987813533392377007194377652879809643918555887796112047661684746560468485844655171533024147883722776828294946520023886400
108,356982201584042506278864055255107138245103144619469424617995071345928349949094738917547307920727037789516788730148946863748383437256763173795963205286133664721748308077728566837481961388332208427715896056217589998261280743583997521110844304991378752800
109,22292432088454935613121515328752919115254482964545778603791050397653758542598870378132588993659214290732138147861305570984546382617469100464716687980171282984166325923081110936838705971917834097005083054398592179453960119780058992270529261926143355400
110,1355363435558803873596743569412947501978362521635032843876796423623802636970154206677880194549615191250151447614292765628719305827483374889937214451209030632665542681520186606583193815460168051882727309958715462502927704213962828889112078351692864320
111,80224838962328998576113475577644052098820215559321808829538969272934556202870485219365475207980806727281557328261063445706431811506010274323558024054554927277912689486833088784866807989689360730974320742623434254466627651787473282160165148715223680
112,4622556171365451646889670751380612503826838499907803132981337563868445459974827882026795994616485524610609793915382337910818572277391714488882456029416066399521966085259025018112781670552049150016281818587684723915739233456230803722272603815539600
113,259262308983419127140416701440014556654520944993713958374367548929755074752888091107457847733972215349121050379978513621712905690945546459080308493432232101792684358497075401065491039139982471830361365705937965635430145496714739382637849457818200
114,14152791162564152865180846157626910003721487256538379103460248370002030990703982774724756849673832883414808625766558047633635671564855114979043709665158366596408360386656480333874613089507438546952078432342881039877235591872566067859813548299600
115,751882702648479508699118412754290701685560998238759833859738149381004476340640273399375385382277921548827645636735770234963000086220830930235396758840276654603344312778871780961897625985526859470229350521829564785981517224976950650356068942720
116,38870594005553327645584214573756417652903056374867850745203246935892733120728017790423595293667645690001465435363089612312492326224982987350495948711322419377539274607813777807986159798163450573068386200423647356733843968648584350383630484480
117,1955290015408193660764109949594272069816887967878235038915506373031685801442793412421290676028875637790620008445307151263332107657642177671944316821539971865446306463011367716193451835492975798792503753491813887243538802136161774043846343800
118,95691628240733650004913426835490782049659886861502617670301046623840011795352102456555605009572409591963589377276731542161189903368297631123970090086655620115110335940118461050748772384618072262071463318699504879415938964401062662050877600
119,4555764557266751836873807997786389394839969274930533448187970852858715252760419182300103989550012893346704319490543356766427642099545350538401126933202908149520088480258366703824214006125945460691232197944896080934150264429134403437188800
120,210971075442122308427827295326225654447345656276114843662202411298882716248545466516545154313580991050482020096381868958699411960610460182097080949155379007474825544130768025356979945712156360997999227501259067389043647349759888497737520
121,9501814427702262597230949241686004171231019069073227071757096993768632716960606454992022137175612854069018870581224509832201485079258821029944156738991756861016518464432814935946508537541430041116626079129554239705685240458762633457880
122,416157471693146224172924191505366757771235921916564624108219503711261244548844954873376084622009899435420622299173435298941801401488300531802331716901436104553270493491786454463280724690274254383449952979327119676344812140629020046000
123,17722286621895302244839764006598242109087041346886157778489467434631915817553205633175747894175539867169570156154765761937303820340954689466258104603768845570050869847826199132402764211803658670789443524530375038498310969062202024000
124,733726000380227782431665935354581201945586067141851571999964931449429439873000573092476456733509739193713976909712148336546457571102280939778050064401450528189127104468273468580454288166568438502947608845468793823545339160150452000
125,29528344682317321163560821838229118518778806443757159970344786649852188494067540838429801344913971281231371442408665417959086334491381457864520332500256236589381100913170730438469239141682388652821680482746801831713095175396891448
126,1154973441591255273682721494141244065332408812422584895382721615074680209003174263441950565904975912818779781347272214737732034938647351646951212881316797870941825290981170024254306447321871892885988789659534880478719653975736192
127,43900243776902771839715474337734474240804486446789768044673745599394950100071351506849991339624954332437417510110193138456623571560111118373595675662288124357641976342177046091550814774528426733025275824719163333669261648666880
128,1621271916469422174776248013250231651017421047720217940055711534431018978163849642802961055850360368266086959309013319112600194852751119784961714458683591143905453674318587025750585257495845988339230018891437566155852967188460
129,58165880632713611911935550175836177047784490537825924199461110805610797944664611486510593557456296903452200455242631341790172356663205793744997845545505571062538259341053657297061995597038159881578344145832273224548008527930
130,2026895298638542763191942489656047377202051014329614902263350199837337811323747995611653168647516021861384138043393867322980697653134369839853728110780004355443629038373376125020984991457046294528484480368695465637448674588
131,68591354567608184065728886477959133516722491930129210156027886392819120722310799594886590433338010911317958290835848912659801719947668330265776798100801529313092461458361341771349199055624627579482562085211417627256348032
132,2253743006758959064904306376255606305865231734568814442899196706577760609293400637032854223210965016355925274890798111197686007741417551781710431668326977693866030789266879467511150606760806875412348157592800277968650160
133,71887863281704734869188565209458590876947778038379533936666546350873377490389560327221803929506915297897261312585438378044499448198185132201562138009728972273917340105907258418854024462049020640641400271114296288175570
134,2225560543891288995398667844331931282667409266774626878797884879430792368741401774399616372196861544848562694445334955114698526502679118905698701668165199356459523657041806847999886920476234006352157054778389932390760
135,66860493890462733337094835615691353734963735908362922048880144388818616495353506821305646365709282578565424454283121867883764481311174338370705099596650555419332400072527566540946941538310941892545468795198962181488
136,1948753305350805039815128330443635951567018515090547105554256078619166316686637807610859852191116442422248385506953567711641736954538044547291786669136665575995270948049297396892764789372625140155162124949611704612
137,55094606922598392277330299028836363326179686857343661803783163537709042962740830940177288183400000014683504421718283409469038830117016463382980757776259505414065205573227346637881763668645870100611529782321209290
138,1510535805681570529395928490859760113075550092162469745125439713386971264421190009493594729983857615161225285232955185881572058635647868609552720469877192121884216186579696167969740075916950620010007311776967780
139,40153582846573128694977572399435147955053149556384228094046446549821070521848021240562011923852396382126732228583266446598872104268288340576216388012667649164923525256260726985784291814312778368351730047077840
140,1034635374762145894526018573946601424228643337162877016527641490571102728355001166784109440249917723554088797217886082211292804879192665245600909657427227065976966515787277247811880553741715429207697789157608
141,25835397677056611378280487908772726134746911766474360147986829943825954971964432740786935008701774475511851125697385340968986093095263198394521887081804506619883127545568325155031077689698078917164942467122
142,625027916100762885849165395271477989617567220583429391001033497500173386491291020809136050463475870462444336896132604134220976159979224873923443739693881874614025825506350313848629792868916662588483668720
143,14646309150777741454936277068057673258717387484372648101848375710401715238161900385507273262746270712096321994840508464624568539394478498580585684873973127111146391692897406151482327390675194749310969440
144,332342524496075937005828634011167000707920033932212675052943820222260377200477542527696876257213784630999040885011294136998965966821748537145928051532220731552427920803116612974098641011495318737249220
145,7300509987321234886397634505410107142382102558353919236038361939983970472376147554257502232127682509949607668408160485356814436045799355564778873363653359384206694424418450935198666137308714029156278
146,155205378593769424598670509412932069110294078364993122194463403822443543102917702323331888438778687458737728038028031022999072666389773987859255087948917502541755517638734013946379462181954781874932
147,3192414552023067105829482703320042739247841701933233467911738824543167931663835915385456175876545023180056091589479204135837549529931978152155273043905084091867968532982944778234267519823671360800
148,63512499998313470261056129344524936761615950304064770492138898730773051319914317530990238762126519600988456268267927880983455398695655526129378438022607663668209516452116441969273930215338096800
149,1221773387911921149708455014869106056991065699512024238834807193421823135937232734179045347319201011808030763230925844458898791493131682304552238281814551949214686671106910641406459969788665150
150,22718164792103578575679137403508703917651568649903118924549894164579133097347603682190277258392444785592597921839150778626571673139271747950317772649338570043572706829312967795378257402609928
151,408189548822478728036965755650054340672680023334402095647507105549677733095609121502032796488255231496700899821739300513557523870286607997422726798297338902559641668468954758199529662214512
152,7084457904552760627614157648574076482635948442331054947098312195076650853777207994726447425749413333963144124667409702479762920213048742000615362740581258381360117626864471702274739329580
153,118727814958941600658937569551712967291125288692119277799857205241014600045764939950608132939004758497903245881515483652119833539483294031073442318150663357822057876738286988102326429910
154,1920609953707082409464157933231803802367882974682691300691469909955543426922741351673525922693762444955346789964334100593265213992367594088691651017249917994103807133880248280825688780
155,29977885063982435746461869938418409934193988891416905294305712019294766900576647586057251237160262300723110788925963071166579717464688036876950982730612966415280497747690256659849808
156,451301193027726251155009021750005465363077922483069264790465784544063121900157689554205945796650018944507943528876661267524079735766059387242035003624821337306148199913664807873512
157,6550255855588193882713826363790241484563441253266308976226814798001388249912617038747921758484615719453261047968868610308687623420470019472230427178462852447471611724133948109710
158,91620518712155706321966971302147202118715335082763609407533336886231489775807404410981766694635633429941637836772851577396586328978583270258466707174543962823086455109783961920
159,1234468055401147059830411501809894930058246467075369874128337351857609727145025649920385308921351859255604911590174493256278521603172236473984368599454935608738346948169458560
160,16014845308291852561912104778901635805121553205825998980032367850597252493608248395633767048288669313255863946996912274360136146987884309949178435772521971865404535677160008
161,199948196434095939620711462654218518400185438946454808997139500227363043328857513190306515410404512743278389592520342378989559456597596151364813600191132608546045121294492
162,2401334917387381269797614423803415949656638114980645605657956649117299936971888683411636018396717220382323556964847054962743610537053360881115464242403899633483229560040
163,27727413552720523605028875848055225011489813571423541319527479171243580044495853686255932429265742969612211146990958129881750490238700819385156529077920039616461508480
164,307652244365801798449120114127922415070170445439113548728211384025132063051596537398076456506260198099408911258040110300581686943759403717606679616790145724619001440
165,3278453926897455380723366609227031805601079900456441300106521676111718501797576951646202339700129652181507761393923126236387945401566380036842316457988795614648748
166,33534475909515126757631005895133885228924457205790220491799911269705047295178096693256788234232607755582837936771026824334985112677491782175624859202454172490032
167,329058501953399714569244263526433522516004376421185422426311069285491595875585617415236942678145167236732120475519732087721950397840031966106672870775771378720
168,3095634060703503507269872193124761189181741918289182128596758890294403517696818728189388397600264586252197417155353730205642981146695484311871777353425084440
169,27902703262434948770773388441455241137737992498638385880727108572878581487204276259806270092896176524394939396047831921357045190736896725333821879440876220
170,240811537196724296134354671894607277119444687842164398866050477217306482103642243853703955360692335921196484660287763235432421706260164036792892099775768
171,1988589441241366057868652437809794248397531720583819105743131178747107137600659211802966452397298727790552242229366769186326795601809404701291563671392
172,15701455521114837024147055621287752426359446291265847854277127603414219857175250647830696716238766167735827597463574980485623784952581052030612833200
173,118450981431622624133169938757512253667629829096326750566887938858389806074040315452352026728484766407831056596547992295620255686548031907998177900
174,853108996242947153536920308191714266634270377647934534196640376733297187581477208769071023662822227422631714303196802231311133396145553046159200
175,5861191365629035738476301102199765830169844914321109610084921799306473889827488228650293567703556355345852143552747630722697161433988685729472
176,38380936147074480482746016912657641541827008906786527408243483754422750768343970680505867656846150993990687224374130181389970765714361937688
177,239336874896666158687263917508724602950846508682509279940185167802501884916297978357189903176288126927243491601104627504482181238747458020
178,1419928319726641432455439821389098044350171258060116202982270504553926325395984967512449524703896391772763678403559948741161659323366840
179,8006918432238261976247341513233937278052389046916755364670422963273869833569137331524996925724532669137571518887491655206128555654720
180,42871211265303491455348839867962840370632128853200498345680696820003710685048524123708576950340739957762485699737380543690228252032
181,217723344159685196972716135943819450384676204041156233168758060519840669784496961337707336448928316997938253529399363525323347348
182,1047604683402806134350848586317406687453092859411109931906084695027307561196747932095488265981859059515300685569222711485971440
183,4770154154758111750080870925694105045902820992569578799624698601221749614399707311942734797415912850899371506215313807502880
184,20529220518911828675963248821219377713205627848930784262241020302116850636749169521824510247438687710418663706362545816840
185,83397138450671729575608976578679672158336939164929481457205598580172429670167082974802824102560974222472363575084704932
186,319352860215842168758698428815851075788225676447811490007937306224878132198306182049064054282767980007112120619044168
187,1151065245220169580178577250545128792119824641892976511228332980631759955811197120179269606762765338413548691953760
188,3899153592284325557070892938333780170405355187566514708216672584850464897724925486735900318810080211464957510320
189,12392927610950918374033136806700090564615588407755988960043845439908526955376921086067813619564463555293233460
190,36894281299794042935224977045890644291806563818648740774012831182592552105470590673271412567982575429618112
191,102689641933622543634266679492404965321162700036584153741196105861335359917893072957090258697961895623808
192,266701495107260108311422172448145661292124867446229000086425212954654449309072004211136741593483099780
193,644981148899997190474856858663102803408801274023918651868843638512835833712891603992499930886307310
194,1449171456515118115640099537012091904265349306153886660789159348090600085652535291101064646885780
195,3017882321152220595798775201068281995946592298570533174002779442975518565904164826614835432192
196,5809994304425554287398208467894256236744548120508493212822898062361070275672127239811226448
197,10311805619966025196858123538743307822423680689725507379196556342744778797813400192804150
198,16821992148024730150659684120278027035047852954874870467710387590179504222949744740600
199,25141623181286157040567428973407520433699126999846538241304673827268104157940558800
200,34304351491568247457932552251752270390340721457267790810869442084415356128828332
201,42566970514322318901001761863628948089011969129300984750201806756952367648478
202,47833547343224826945659422810064511251048262164262592375047549601186922220
203,48452356228917339529203374019032808535914010148575234799226158442835440
204,44014394809389788158210281694813968715628305790612213061911779190520
205,35653421131316091933656595515935121638878898569913114829876223702
206,25590250211679485933414313724561170213410013888354706708637328
207,16158921384813254172660059441782115424021478310961009025440
208,8904345829206533245760816043629271174907962150834202380
209,4242612758781792554758850225324116265562443510493090
210,1729360018965114881175655096629528509315875937052
211,595627661045460651341457722776900370008551648
212,170824692174658909961966292862613596332960
213,40087262734781630343745128362812435770
214,7534699757400801724308093276169560
215,1104491221713473445196900066512
216,122028554549433851256445508
217,9710285313163573840130
218,522259397609924260
219,17256208992880
220,297993592
221,1898